Year,quarter,Geography,Enrollment Description,Race,Sex,Entitlement Status,Age,Rural/Urban Status,Total Telehealth Eligible Users,Total Medicare Part B Enrollment,Total Telehealth Users,Pct_Telehealth
2020,1,Alabama,All,All,All,All,All,All,393549.0,508208.0,21796.0,0.0554
2020,1,Alaska,All,All,All,All,All,All,54569.0,88339.333333,4139.0,0.0758
2020,1,Arizona,All,All,All,All,All,All,508632.0,678892.0,31362.0,0.0617
2020,1,Arkansas,All,All,All,All,All,All,308190.0,409201.0,14549.0,0.0472
2020,1,California,All,All,All,All,All,All,2119057.0,2918656.3333,193877.0,0.0915
2020,1,Colorado,All,All,All,All,All,All,308676.0,442961.33333,25761.0,0.0835
2020,1,Connecticut,All,All,All,All,All,All,248675.0,316595.33333,21566.0,0.0867
2020,1,Delaware,All,All,All,All,All,All,126409.0,158352.66667,10050.0,0.0795
2020,1,District Of Columbia,All,All,All,All,All,All,42359.0,58159.333333,2899.0,0.0684
2020,1,Florida,All,All,All,All,All,All,1702206.0,2120450.6667,94393.0,0.0555
2020,1,Georgia,All,All,All,All,All,All,679370.0,883972.33333,31401.0,0.0462
2020,1,Hawaii,All,All,All,All,All,All,78080.0,108878.33333,4085.0,0.0523
2020,1,Idaho,All,All,All,All,All,All,131428.0,193811.0,5863.0,0.0446
2020,1,Illinois,All,All,All,All,All,All,1008907.0,1381844.3333,66720.0,0.0661
2020,1,Indiana,All,All,All,All,All,All,546540.0,733458.66667,25330.0,0.0463
2020,1,Iowa,All,All,All,All,All,All,307276.0,431868.0,13332.0,0.0434
2020,1,Kansas,All,All,All,All,All,All,284569.0,383753.33333,11393.0,0.04
2020,1,Kentucky,All,All,All,All,All,All,394957.0,521941.0,22482.0,0.0569
2020,1,Louisiana,All,All,All,All,All,All,349854.0,453178.0,24133.0,0.069
2020,1,Maine,All,All,All,All,All,All,126595.0,183601.33333,9229.0,0.0729
2020,1,Maryland,All,All,All,All,All,All,592958.0,772851.33333,44146.0,0.0745
2020,1,Massachusetts,All,All,All,All,All,All,654249.0,851664.66667,89248.0,0.1364
2020,1,Michigan,All,All,All,All,All,All,703479.0,968128.33333,57354.0,0.0815
2020,1,Minnesota,All,All,All,All,All,All,313539.0,460914.66667,28165.0,0.0898
2020,1,Mississippi,All,All,All,All,All,All,336537.0,429736.0,22001.0,0.0654
2020,1,Missouri,All,All,All,All,All,All,476611.0,655590.0,22368.0,0.0469
2020,1,Montana,All,All,All,All,All,All,111620.0,169378.66667,5302.0,0.0475
2020,1,Nebraska,All,All,All,All,All,All,180789.0,252909.33333,6364.0,0.0352
2020,1,Nevada,All,All,All,All,All,All,192477.0,271054.33333,13401.0,0.0696
2020,1,New Hampshire,All,All,All,All,All,All,145765.0,206612.0,13483.0,0.0925
2020,1,New Jersey,All,All,All,All,All,All,737395.0,938484.0,66961.0,0.0908
2020,1,New Mexico,All,All,All,All,All,All,158075.0,226247.66667,10287.0,0.0651
2020,1,New York,All,All,All,All,All,All,1326481.0,1724171.6667,130056.0,0.098
2020,1,North Carolina,All,All,All,All,All,All,846324.0,1086597.3333,46543.0,0.055
2020,1,North Dakota,All,All,All,All,All,All,65258.0,95967.666667,2772.0,0.0425
2020,1,Ohio,All,All,All,All,All,All,825468.0,1108072.6667,58565.0,0.0709
2020,1,Oklahoma,All,All,All,All,All,All,378948.0,497020.0,18372.0,0.0485
2020,1,Oregon,All,All,All,All,All,All,265365.0,394823.33333,19204.0,0.0724
2020,1,Pennsylvania,All,All,All,All,All,All,991356.0,1306624.3333,72519.0,0.0732
2020,1,Rhode Island,All,All,All,All,All,All,71760.0,93526.666667,8689.0,0.1211
2020,1,South Carolina,All,All,All,All,All,All,530612.0,670788.0,21193.0,0.0399
2020,1,South Dakota,All,All,All,All,All,All,82680.0,123277.33333,3364.0,0.0407
2020,1,Tennessee,All,All,All,All,All,All,538379.0,699788.0,19885.0,0.0369
2020,1,Texas,All,All,All,All,All,All,1554488.0,2077253.3333,124154.0,0.0799
2020,1,Utah,All,All,All,All,All,All,149911.0,209312.0,7858.0,0.0524
2020,1,Vermont,All,All,All,All,All,All,81159.0,116030.33333,8339.0,0.1027
2020,1,Virginia,All,All,All,All,All,All,770731.0,1004268.3333,42490.0,0.0551
2020,1,Washington,All,All,All,All,All,All,508997.0,756953.0,31906.0,0.0627
2020,1,West Virginia,All,All,All,All,All,All,182199.0,246999.33333,10011.0,0.0549
2020,1,Wisconsin,All,All,All,All,All,All,382009.0,565673.0,20158.0,0.0528
2020,1,Wyoming,All,All,All,All,All,All,64460.0,97759.333333,3564.0,0.0553
2020,2,Alabama,All,All,All,All,All,All,365022.0,504813.0,138618.0,0.3798
2020,2,Alaska,All,All,All,All,All,All,50537.0,89378.333333,23075.0,0.4566
2020,2,Arizona,All,All,All,All,All,All,467496.0,681515.0,209608.0,0.4484
2020,2,Arkansas,All,All,All,All,All,All,286327.0,407661.33333,103896.0,0.3629
2020,2,California,All,All,All,All,All,All,1896962.0,2925647.6667,1048038.0,0.5525
2020,2,Colorado,All,All,All,All,All,All,282881.0,445784.0,126513.0,0.4472
2020,2,Connecticut,All,All,All,All,All,All,220385.0,314993.33333,139945.0,0.635
2020,2,Delaware,All,All,All,All,All,All,113936.0,158575.0,70315.0,0.6171
2020,2,District Of Columbia,All,All,All,All,All,All,36133.0,57817.0,21643.0,0.599
2020,2,Florida,All,All,All,All,All,All,1585904.0,2118350.0,683371.0,0.4309
2020,2,Georgia,All,All,All,All,All,All,620736.0,880905.0,240460.0,0.3874
2020,2,Hawaii,All,All,All,All,All,All,69158.0,109338.33333,30478.0,0.4407
2020,2,Idaho,All,All,All,All,All,All,123452.0,194311.33333,38220.0,0.3096
2020,2,Illinois,All,All,All,All,All,All,925753.0,1381709.3333,431438.0,0.466
2020,2,Indiana,All,All,All,All,All,All,507250.0,731214.33333,234347.0,0.462
2020,2,Iowa,All,All,All,All,All,All,291639.0,432605.66667,100594.0,0.3449
2020,2,Kansas,All,All,All,All,All,All,266002.0,384390.0,75584.0,0.2841
2020,2,Kentucky,All,All,All,All,All,All,364211.0,518505.66667,165570.0,0.4546
2020,2,Louisiana,All,All,All,All,All,All,319734.0,450296.33333,137877.0,0.4312
2020,2,Maine,All,All,All,All,All,All,114288.0,181847.33333,58313.0,0.5102
2020,2,Maryland,All,All,All,All,All,All,526905.0,773908.33333,319161.0,0.6057
2020,2,Massachusetts,All,All,All,All,All,All,589160.0,848691.0,432873.0,0.7347
2020,2,Michigan,All,All,All,All,All,All,643925.0,964322.0,330134.0,0.5127
2020,2,Minnesota,All,All,All,All,All,All,284932.0,458766.66667,156854.0,0.5505
2020,2,Mississippi,All,All,All,All,All,All,313174.0,427533.33333,127858.0,0.4083
2020,2,Missouri,All,All,All,All,All,All,450499.0,654517.66667,154461.0,0.3429
2020,2,Montana,All,All,All,All,All,All,105680.0,170258.66667,28725.0,0.2718
2020,2,Nebraska,All,All,All,All,All,All,165167.0,253091.33333,45176.0,0.2735
2020,2,Nevada,All,All,All,All,All,All,175304.0,272034.0,72784.0,0.4152
2020,2,New Hampshire,All,All,All,All,All,All,134319.0,206866.66667,80155.0,0.5968
2020,2,New Jersey,All,All,All,All,All,All,655780.0,934849.66667,383745.0,0.5852
2020,2,New Mexico,All,All,All,All,All,All,138701.0,226204.66667,71388.0,0.5147
2020,2,New York,All,All,All,All,All,All,1212715.0,1714876.0,675651.0,0.5571
2020,2,North Carolina,All,All,All,All,All,All,775366.0,1085687.6667,315994.0,0.4075
2020,2,North Dakota,All,All,All,All,All,All,62668.0,96277.666667,16682.0,0.2662
2020,2,Ohio,All,All,All,All,All,All,773542.0,1104665.3333,367845.0,0.4755
2020,2,Oklahoma,All,All,All,All,All,All,352868.0,496334.33333,131892.0,0.3738
2020,2,Oregon,All,All,All,All,All,All,244197.0,396390.33333,117134.0,0.4797
2020,2,Pennsylvania,All,All,All,All,All,All,905093.0,1306262.6667,471680.0,0.5211
2020,2,Rhode Island,All,All,All,All,All,All,66701.0,93495.0,44860.0,0.6726
2020,2,South Carolina,All,All,All,All,All,All,491887.0,670448.66667,157869.0,0.3209
2020,2,South Dakota,All,All,All,All,All,All,77043.0,123806.0,27020.0,0.3507
2020,2,Tennessee,All,All,All,All,All,All,504835.0,699416.0,141193.0,0.2797
2020,2,Texas,All,All,All,All,All,All,1433018.0,2078582.3333,657663.0,0.4589
2020,2,Utah,All,All,All,All,All,All,140563.0,210070.0,53566.0,0.3811
2020,2,Vermont,All,All,All,All,All,All,75453.0,116120.33333,44180.0,0.5855
2020,2,Virginia,All,All,All,All,All,All,696195.0,1004079.3333,311187.0,0.447
2020,2,Washington,All,All,All,All,All,All,460462.0,758758.66667,193694.0,0.4207
2020,2,West Virginia,All,All,All,All,All,All,170043.0,245808.33333,72991.0,0.4293
2020,2,Wisconsin,All,All,All,All,All,All,346547.0,566548.66667,147973.0,0.427
2020,2,Wyoming,All,All,All,All,All,All,60892.0,98522.333333,18014.0,0.2958
2020,3,Alabama,All,All,All,All,All,All,385604.0,503181.0,90444.0,0.2346
2020,3,Alaska,All,All,All,All,All,All,55698.0,91091.333333,17530.0,0.3147
2020,3,Arizona,All,All,All,All,All,All,495213.0,685409.0,175878.0,0.3552
2020,3,Arkansas,All,All,All,All,All,All,308181.0,408113.66667,65154.0,0.2114
2020,3,California,All,All,All,All,All,All,2057197.0,2949180.0,910014.0,0.4424
2020,3,Colorado,All,All,All,All,All,All,312526.0,451552.33333,76312.0,0.2442
2020,3,Connecticut,All,All,All,All,All,All,246326.0,314873.66667,79448.0,0.3225
2020,3,Delaware,All,All,All,All,All,All,126924.0,159515.66667,47110.0,0.3712
2020,3,District Of Columbia,All,All,All,All,All,All,40105.0,57927.333333,15913.0,0.3968
2020,3,Florida,All,All,All,All,All,All,1671628.0,2122409.6667,523615.0,0.3132
2020,3,Georgia,All,All,All,All,All,All,673685.0,883211.66667,158619.0,0.2354
2020,3,Hawaii,All,All,All,All,All,All,76587.0,110603.33333,29473.0,0.3848
2020,3,Idaho,All,All,All,All,All,All,133964.0,195582.66667,25184.0,0.188
2020,3,Illinois,All,All,All,All,All,All,1036889.0,1389420.0,235597.0,0.2272
2020,3,Indiana,All,All,All,All,All,All,561006.0,732697.33333,117972.0,0.2103
2020,3,Iowa,All,All,All,All,All,All,325915.0,435229.0,55199.0,0.1694
2020,3,Kansas,All,All,All,All,All,All,291077.0,387026.66667,44013.0,0.1512
2020,3,Kentucky,All,All,All,All,All,All,397957.0,516691.0,98748.0,0.2481
2020,3,Louisiana,All,All,All,All,All,All,341983.0,449883.66667,78935.0,0.2308
2020,3,Maine,All,All,All,All,All,All,121052.0,172467.0,30431.0,0.2514
2020,3,Maryland,All,All,All,All,All,All,590730.0,780907.66667,214369.0,0.3629
2020,3,Massachusetts,All,All,All,All,All,All,658176.0,853892.0,307837.0,0.4677
2020,3,Michigan,All,All,All,All,All,All,720097.0,966063.66667,171846.0,0.2386
2020,3,Minnesota,All,All,All,All,All,All,324041.0,461524.66667,103705.0,0.32
2020,3,Mississippi,All,All,All,All,All,All,334004.0,426349.0,76940.0,0.2304
2020,3,Missouri,All,All,All,All,All,All,491573.0,655952.66667,87594.0,0.1782
2020,3,Montana,All,All,All,All,All,All,115789.0,172153.0,16948.0,0.1464
2020,3,Nebraska,All,All,All,All,All,All,185519.0,254450.66667,23994.0,0.1293
2020,3,Nevada,All,All,All,All,All,All,190862.0,274622.66667,52568.0,0.2754
2020,3,New Hampshire,All,All,All,All,All,All,151119.0,208144.66667,46893.0,0.3103
2020,3,New Jersey,All,All,All,All,All,All,731992.0,939253.0,214838.0,0.2935
2020,3,New Mexico,All,All,All,All,All,All,152947.0,227352.0,55490.0,0.3628
2020,3,New York,All,All,All,All,All,All,1337081.0,1724973.0,401748.0,0.3005
2020,3,North Carolina,All,All,All,All,All,All,841314.0,1089141.3333,199667.0,0.2373
2020,3,North Dakota,All,All,All,All,All,All,69423.0,97175.0,8711.0,0.1255
2020,3,Ohio,All,All,All,All,All,All,838074.0,1107954.0,190362.0,0.2271
2020,3,Oklahoma,All,All,All,All,All,All,378987.0,498675.0,81659.0,0.2155
2020,3,Oregon,All,All,All,All,All,All,267292.0,400406.0,79018.0,0.2956
2020,3,Pennsylvania,All,All,All,All,All,All,1005693.0,1313527.0,250933.0,0.2495
2020,3,Rhode Island,All,All,All,All,All,All,72442.0,93869.666667,28229.0,0.3897
2020,3,South Carolina,All,All,All,All,All,All,527880.0,671671.33333,115311.0,0.2184
2020,3,South Dakota,All,All,All,All,All,All,87344.0,125040.66667,14712.0,0.1684
2020,3,Tennessee,All,All,All,All,All,All,540303.0,701587.66667,81471.0,0.1508
2020,3,Texas,All,All,All,All,All,All,1532082.0,2094100.6667,536244.0,0.35
2020,3,Utah,All,All,All,All,All,All,151555.0,211890.66667,35024.0,0.2311
2020,3,Vermont,All,All,All,All,All,All,83951.0,117079.0,27693.0,0.3299
2020,3,Virginia,All,All,All,All,All,All,769618.0,1007851.6667,194710.0,0.253
2020,3,Washington,All,All,All,All,All,All,517238.0,765374.0,125036.0,0.2417
2020,3,West Virginia,All,All,All,All,All,All,183695.0,245914.0,40811.0,0.2222
2020,3,Wisconsin,All,All,All,All,All,All,398831.0,570067.33333,83071.0,0.2083
2020,3,Wyoming,All,All,All,All,All,All,67263.0,99922.333333,8659.0,0.1287
2020,4,Alabama,All,All,All,All,All,All,380832.0,500183.33333,78313.0,0.2056
2020,4,Alaska,All,All,All,All,All,All,55877.0,92132.0,19544.0,0.3498
2020,4,Arizona,All,All,All,All,All,All,505120.0,687802.66667,155010.0,0.3069
2020,4,Arkansas,All,All,All,All,All,All,305097.0,407135.0,63613.0,0.2085
2020,4,California,All,All,All,All,All,All,2055551.0,2956787.3333,877449.0,0.4269
2020,4,Colorado,All,All,All,All,All,All,309337.0,454902.0,91378.0,0.2954
2020,4,Connecticut,All,All,All,All,All,All,243550.0,314350.66667,79013.0,0.3244
2020,4,Delaware,All,All,All,All,All,All,126243.0,160137.33333,43619.0,0.3455
2020,4,District Of Columbia,All,All,All,All,All,All,40510.0,57880.0,15656.0,0.3865
2020,4,Florida,All,All,All,All,All,All,1684266.0,2120299.3333,419017.0,0.2488
2020,4,Georgia,All,All,All,All,All,All,666904.0,883010.66667,134832.0,0.2022
2020,4,Hawaii,All,All,All,All,All,All,76529.0,111396.66667,26756.0,0.3496
2020,4,Idaho,All,All,All,All,All,All,133561.0,196160.33333,27533.0,0.2061
2020,4,Illinois,All,All,All,All,All,All,1021484.0,1391486.6667,267648.0,0.262
2020,4,Indiana,All,All,All,All,All,All,547200.0,732859.66667,132850.0,0.2428
2020,4,Iowa,All,All,All,All,All,All,320512.0,436421.66667,67229.0,0.2098
2020,4,Kansas,All,All,All,All,All,All,286692.0,388321.66667,54177.0,0.189
2020,4,Kentucky,All,All,All,All,All,All,386915.0,513947.66667,104160.0,0.2692
2020,4,Louisiana,All,All,All,All,All,All,340502.0,449543.0,58765.0,0.1726
2020,4,Maine,All,All,All,All,All,All,118969.0,171514.33333,31679.0,0.2663
2020,4,Maryland,All,All,All,All,All,All,590560.0,784134.33333,204520.0,0.3463
2020,4,Massachusetts,All,All,All,All,All,All,657499.0,855528.0,296089.0,0.4503
2020,4,Michigan,All,All,All,All,All,All,707615.0,965438.33333,206412.0,0.2917
2020,4,Minnesota,All,All,All,All,All,All,318741.0,462313.33333,104179.0,0.3268
2020,4,Mississippi,All,All,All,All,All,All,329979.0,425085.0,61026.0,0.1849
2020,4,Missouri,All,All,All,All,All,All,481539.0,654966.33333,93954.0,0.1951
2020,4,Montana,All,All,All,All,All,All,113623.0,173255.66667,23648.0,0.2081
2020,4,Nebraska,All,All,All,All,All,All,181221.0,254735.66667,29310.0,0.1617
2020,4,Nevada,All,All,All,All,All,All,189447.0,275824.0,52616.0,0.2777
2020,4,New Hampshire,All,All,All,All,All,All,150310.0,208905.66667,46318.0,0.3081
2020,4,New Jersey,All,All,All,All,All,All,736686.0,942642.33333,215296.0,0.2922
2020,4,New Mexico,All,All,All,All,All,All,149856.0,228007.0,60409.0,0.4031
2020,4,New York,All,All,All,All,All,All,1342604.0,1729465.0,401756.0,0.2992
2020,4,North Carolina,All,All,All,All,All,All,834640.0,1089382.0,187744.0,0.2249
2020,4,North Dakota,All,All,All,All,All,All,67981.0,97330.333333,9280.0,0.1365
2020,4,Ohio,All,All,All,All,All,All,824499.0,1109388.0,219643.0,0.2664
2020,4,Oklahoma,All,All,All,All,All,All,371726.0,498981.0,89720.0,0.2414
2020,4,Oregon,All,All,All,All,All,All,267785.0,402848.33333,80916.0,0.3022
2020,4,Pennsylvania,All,All,All,All,All,All,993539.0,1318563.6667,278061.0,0.2799
2020,4,Rhode Island,All,All,All,All,All,All,71376.0,94062.0,29846.0,0.4182
2020,4,South Carolina,All,All,All,All,All,All,524486.0,671766.33333,97876.0,0.1866
2020,4,South Dakota,All,All,All,All,All,All,86278.0,125395.66667,16470.0,0.1909
2020,4,Tennessee,All,All,All,All,All,All,533802.0,701422.33333,83217.0,0.1559
2020,4,Texas,All,All,All,All,All,All,1535829.0,2096657.3333,461915.0,0.3008
2020,4,Utah,All,All,All,All,All,All,150734.0,212552.66667,36604.0,0.2428
2020,4,Vermont,All,All,All,All,All,All,82915.0,117519.33333,26576.0,0.3205
2020,4,Virginia,All,All,All,All,All,All,758540.0,1009422.6667,180248.0,0.2376
2020,4,Washington,All,All,All,All,All,All,516030.0,768325.33333,129101.0,0.2502
2020,4,West Virginia,All,All,All,All,All,All,179132.0,245687.33333,45650.0,0.2548
2020,4,Wisconsin,All,All,All,All,All,All,389199.0,571410.0,94670.0,0.2432
2020,4,Wyoming,All,All,All,All,All,All,66713.0,100766.33333,12326.0,0.1848
2021,1,Alabama,All,All,All,All,All,All,356229.0,462168.0,68975.0,0.1936
2021,1,Alaska,All,All,All,All,All,All,56799.0,91580.0,16849.0,0.2966
2021,1,Arizona,All,All,All,All,All,All,490388.0,660750.33333,156246.0,0.3186
2021,1,Arkansas,All,All,All,All,All,All,287703.0,386784.33333,60503.0,0.2103
2021,1,California,All,All,All,All,All,All,2035188.0,2860367.6667,911409.0,0.4478
2021,1,Colorado,All,All,All,All,All,All,301348.0,436780.33333,77788.0,0.2581
2021,1,Connecticut,All,All,All,All,All,All,233802.0,300223.33333,74141.0,0.3171
2021,1,Delaware,All,All,All,All,All,All,122811.0,154257.0,43996.0,0.3582
2021,1,District Of Columbia,All,All,All,All,All,All,39187.0,55465.666667,14633.0,0.3734
2021,1,Florida,All,All,All,All,All,All,1662574.0,2070007.3333,369850.0,0.2225
2021,1,Georgia,All,All,All,All,All,All,641150.0,828636.66667,128601.0,0.2006
2021,1,Hawaii,All,All,All,All,All,All,77101.0,107981.66667,23282.0,0.302
2021,1,Idaho,All,All,All,All,All,All,128357.0,189971.66667,23100.0,0.18
2021,1,Illinois,All,All,All,All,All,All,962869.0,1318867.3333,224968.0,0.2336
2021,1,Indiana,All,All,All,All,All,All,512795.0,686243.33333,112473.0,0.2193
2021,1,Iowa,All,All,All,All,All,All,302952.0,421129.0,50850.0,0.1678
2021,1,Kansas,All,All,All,All,All,All,273724.0,370564.66667,44464.0,0.1624
2021,1,Kentucky,All,All,All,All,All,All,362720.0,481339.33333,91814.0,0.2531
2021,1,Louisiana,All,All,All,All,All,All,322252.0,417034.66667,50864.0,0.1578
2021,1,Maine,All,All,All,All,All,All,112519.0,164616.33333,32099.0,0.2853
2021,1,Maryland,All,All,All,All,All,All,566729.0,751087.66667,196631.0,0.347
2021,1,Massachusetts,All,All,All,All,All,All,638639.0,835053.33333,289593.0,0.4535
2021,1,Michigan,All,All,All,All,All,All,655710.0,898186.66667,178222.0,0.2718
2021,1,Minnesota,All,All,All,All,All,All,294321.0,431124.33333,83084.0,0.2823
2021,1,Mississippi,All,All,All,All,All,All,309881.0,397784.33333,51373.0,0.1658
2021,1,Missouri,All,All,All,All,All,All,446771.0,617084.33333,77027.0,0.1724
2021,1,Montana,All,All,All,All,All,All,110474.0,168614.0,18306.0,0.1657
2021,1,Nebraska,All,All,All,All,All,All,173191.0,242979.66667,22313.0,0.1288
2021,1,Nevada,All,All,All,All,All,All,183743.0,261459.66667,48290.0,0.2628
2021,1,New Hampshire,All,All,All,All,All,All,142471.0,201331.0,45834.0,0.3217
2021,1,New Jersey,All,All,All,All,All,All,706102.0,902405.0,212344.0,0.3007
2021,1,New Mexico,All,All,All,All,All,All,148930.0,218697.66667,53902.0,0.3619
2021,1,New York,All,All,All,All,All,All,1281081.0,1665012.0,403293.0,0.3148
2021,1,North Carolina,All,All,All,All,All,All,801483.0,1029512.3333,175569.0,0.2191
2021,1,North Dakota,All,All,All,All,All,All,64750.0,94575.666667,7247.0,0.1119
2021,1,Ohio,All,All,All,All,All,All,789063.0,1059586.0,192179.0,0.2436
2021,1,Oklahoma,All,All,All,All,All,All,350350.0,464648.0,82205.0,0.2346
2021,1,Oregon,All,All,All,All,All,All,257065.0,387915.0,75842.0,0.295
2021,1,Pennsylvania,All,All,All,All,All,All,954564.0,1265892.6667,264430.0,0.277
2021,1,Rhode Island,All,All,All,All,All,All,68395.0,89669.0,26004.0,0.3802
2021,1,South Carolina,All,All,All,All,All,All,514298.0,645045.33333,95647.0,0.186
2021,1,South Dakota,All,All,All,All,All,All,82316.0,121261.66667,12042.0,0.1463
2021,1,Tennessee,All,All,All,All,All,All,511244.0,670855.33333,78213.0,0.153
2021,1,Texas,All,All,All,All,All,All,1457254.0,1974148.0,409538.0,0.281
2021,1,Utah,All,All,All,All,All,All,145391.0,203657.66667,29524.0,0.2031
2021,1,Vermont,All,All,All,All,All,All,77950.0,111388.66667,26313.0,0.3376
2021,1,Virginia,All,All,All,All,All,All,731881.0,961561.0,176467.0,0.2411
2021,1,Washington,All,All,All,All,All,All,498890.0,737392.33333,117930.0,0.2364
2021,1,West Virginia,All,All,All,All,All,All,166980.0,227061.66667,42549.0,0.2548
2021,1,Wisconsin,All,All,All,All,All,All,370066.0,545756.66667,77824.0,0.2103
2021,1,Wyoming,All,All,All,All,All,All,65480.0,100019.66667,10028.0,0.1531
2021,2,Alabama,All,All,All,All,All,All,356830.0,457112.33333,38998.0,0.1093
2021,2,Alaska,All,All,All,All,All,All,59490.0,92448.666667,11423.0,0.192
2021,2,Arizona,All,All,All,All,All,All,498713.0,660480.0,102920.0,0.2064
2021,2,Arkansas,All,All,All,All,All,All,296229.0,384521.0,34546.0,0.1166
2021,2,California,All,All,All,All,All,All,2081925.0,2861280.6667,697623.0,0.3351
2021,2,Colorado,All,All,All,All,All,All,312549.0,437952.66667,54245.0,0.1736
2021,2,Connecticut,All,All,All,All,All,All,237980.0,297704.66667,51793.0,0.2176
2021,2,Delaware,All,All,All,All,All,All,124291.0,154138.66667,30787.0,0.2477
2021,2,District Of Columbia,All,All,All,All,All,All,40287.0,54950.666667,11830.0,0.2936
2021,2,Florida,All,All,All,All,All,All,1676074.0,2061529.0,281078.0,0.1677
2021,2,Georgia,All,All,All,All,All,All,636011.0,823118.0,87123.0,0.137
2021,2,Hawaii,All,All,All,All,All,All,77370.0,107722.66667,18024.0,0.233
2021,2,Idaho,All,All,All,All,All,All,133795.0,190105.0,14567.0,0.1089
2021,2,Illinois,All,All,All,All,All,All,995654.0,1314829.3333,149223.0,0.1499
2021,2,Indiana,All,All,All,All,All,All,526447.0,683569.33333,65749.0,0.1249
2021,2,Iowa,All,All,All,All,All,All,318995.0,421212.33333,30179.0,0.0946
2021,2,Kansas,All,All,All,All,All,All,282163.0,370048.33333,28332.0,0.1004
2021,2,Kentucky,All,All,All,All,All,All,369310.0,476196.33333,51886.0,0.1405
2021,2,Louisiana,All,All,All,All,All,All,320379.0,412470.0,32470.0,0.1013
2021,2,Maine,All,All,All,All,All,All,116170.0,162219.33333,21723.0,0.187
2021,2,Maryland,All,All,All,All,All,All,582393.0,750017.0,142013.0,0.2438
2021,2,Massachusetts,All,All,All,All,All,All,659534.0,832935.0,217377.0,0.3296
2021,2,Michigan,All,All,All,All,All,All,673353.0,892565.33333,138989.0,0.2064
2021,2,Minnesota,All,All,All,All,All,All,307229.0,430539.66667,64328.0,0.2094
2021,2,Mississippi,All,All,All,All,All,All,311680.0,394159.66667,31519.0,0.1011
2021,2,Missouri,All,All,All,All,All,All,464085.0,613889.66667,48150.0,0.1038
2021,2,Montana,All,All,All,All,All,All,116600.0,169322.0,12122.0,0.104
2021,2,Nebraska,All,All,All,All,All,All,178227.0,242694.33333,14775.0,0.0829
2021,2,Nevada,All,All,All,All,All,All,186913.0,261580.66667,36030.0,0.1928
2021,2,New Hampshire,All,All,All,All,All,All,148877.0,201139.66667,33391.0,0.2243
2021,2,New Jersey,All,All,All,All,All,All,721758.0,900197.0,153214.0,0.2123
2021,2,New Mexico,All,All,All,All,All,All,151440.0,216886.33333,36505.0,0.2411
2021,2,New York,All,All,All,All,All,All,1321280.0,1656745.6667,308588.0,0.2336
2021,2,North Carolina,All,All,All,All,All,All,796671.0,1022369.6667,108595.0,0.1363
2021,2,North Dakota,All,All,All,All,All,All,68693.0,94620.0,6108.0,0.0889
2021,2,Ohio,All,All,All,All,All,All,809393.0,1055853.3333,115400.0,0.1426
2021,2,Oklahoma,All,All,All,All,All,All,356906.0,462208.0,44505.0,0.1247
2021,2,Oregon,All,All,All,All,All,All,267585.0,388287.33333,56033.0,0.2094
2021,2,Pennsylvania,All,All,All,All,All,All,979984.0,1262817.6667,170503.0,0.174
2021,2,Rhode Island,All,All,All,All,All,All,69597.0,88876.666667,18046.0,0.2593
2021,2,South Carolina,All,All,All,All,All,All,510804.0,642315.66667,58013.0,0.1136
2021,2,South Dakota,All,All,All,All,All,All,86051.0,121347.66667,7953.0,0.0924
2021,2,Tennessee,All,All,All,All,All,All,522218.0,668828.33333,49128.0,0.0941
2021,2,Texas,All,All,All,All,All,All,1482274.0,1968161.6667,277215.0,0.187
2021,2,Utah,All,All,All,All,All,All,149263.0,203837.33333,19674.0,0.1318
2021,2,Vermont,All,All,All,All,All,All,81950.0,111252.0,19094.0,0.233
2021,2,Virginia,All,All,All,All,All,All,739627.0,957535.66667,115465.0,0.1561
2021,2,Washington,All,All,All,All,All,All,514576.0,737020.66667,88273.0,0.1715
2021,2,West Virginia,All,All,All,All,All,All,170558.0,225038.0,25912.0,0.1519
2021,2,Wisconsin,All,All,All,All,All,All,383790.0,544450.0,54415.0,0.1418
2021,2,Wyoming,All,All,All,All,All,All,69630.0,100793.0,6829.0,0.0981
2021,3,Alabama,All,All,All,All,All,All,357243.0,454672.33333,41519.0,0.1162
2021,3,Alaska,All,All,All,All,All,All,60367.0,94065.666667,10897.0,0.1805
2021,3,Arizona,All,All,All,All,All,All,496977.0,664226.0,88855.0,0.1788
2021,3,Arkansas,All,All,All,All,All,All,299155.0,384422.0,36034.0,0.1205
2021,3,California,All,All,All,All,All,All,2105879.0,2887377.6667,617381.0,0.2932
2021,3,Colorado,All,All,All,All,All,All,317532.0,441947.66667,46738.0,0.1472
2021,3,Connecticut,All,All,All,All,All,All,238828.0,297441.66667,42430.0,0.1777
2021,3,Delaware,All,All,All,All,All,All,125888.0,155232.33333,24483.0,0.1945
2021,3,District Of Columbia,All,All,All,All,All,All,40244.0,55190.333333,10237.0,0.2544
2021,3,Florida,All,All,All,All,All,All,1664898.0,2064253.0,269013.0,0.1616
2021,3,Georgia,All,All,All,All,All,All,644499.0,824034.66667,85648.0,0.1329
2021,3,Hawaii,All,All,All,All,All,All,77958.0,108857.66667,21609.0,0.2772
2021,3,Idaho,All,All,All,All,All,All,134318.0,191338.66667,13675.0,0.1018
2021,3,Illinois,All,All,All,All,All,All,1009686.0,1316966.3333,127170.0,0.126
2021,3,Indiana,All,All,All,All,All,All,534755.0,685185.66667,58187.0,0.1088
2021,3,Iowa,All,All,All,All,All,All,324663.0,423756.0,23766.0,0.0732
2021,3,Kansas,All,All,All,All,All,All,286921.0,371643.0,27027.0,0.0942
2021,3,Kentucky,All,All,All,All,All,All,373364.0,474017.66667,51710.0,0.1385
2021,3,Louisiana,All,All,All,All,All,All,319386.0,410040.0,37323.0,0.1169
2021,3,Maine,All,All,All,All,All,All,114429.0,161181.0,16378.0,0.1431
2021,3,Maryland,All,All,All,All,All,All,592450.0,756829.0,115124.0,0.1943
2021,3,Massachusetts,All,All,All,All,All,All,664727.0,838920.33333,177785.0,0.2675
2021,3,Michigan,All,All,All,All,All,All,677933.0,893496.66667,117137.0,0.1728
2021,3,Minnesota,All,All,All,All,All,All,311025.0,432396.0,55005.0,0.1769
2021,3,Mississippi,All,All,All,All,All,All,314213.0,392500.66667,34799.0,0.1107
2021,3,Missouri,All,All,All,All,All,All,469889.0,614560.33333,44731.0,0.0952
2021,3,Montana,All,All,All,All,All,All,117967.0,170820.0,10555.0,0.0895
2021,3,Nebraska,All,All,All,All,All,All,182420.0,243879.0,13383.0,0.0734
2021,3,Nevada,All,All,All,All,All,All,188574.0,263520.33333,31606.0,0.1676
2021,3,New Hampshire,All,All,All,All,All,All,150421.0,202541.33333,25224.0,0.1677
2021,3,New Jersey,All,All,All,All,All,All,728473.0,906544.33333,130517.0,0.1792
2021,3,New Mexico,All,All,All,All,All,All,152848.0,217323.0,29526.0,0.1932
2021,3,New York,All,All,All,All,All,All,1321711.0,1662948.6667,265533.0,0.2009
2021,3,North Carolina,All,All,All,All,All,All,806187.0,1021620.0,102390.0,0.127
2021,3,North Dakota,All,All,All,All,All,All,69338.0,95231.0,4918.0,0.0709
2021,3,Ohio,All,All,All,All,All,All,818940.0,1057172.0,99478.0,0.1215
2021,3,Oklahoma,All,All,All,All,All,All,361019.0,462877.33333,42923.0,0.1189
2021,3,Oregon,All,All,All,All,All,All,268125.0,390745.66667,51836.0,0.1933
2021,3,Pennsylvania,All,All,All,All,All,All,993021.0,1269855.6667,139694.0,0.1407
2021,3,Rhode Island,All,All,All,All,All,All,69024.0,88298.333333,13859.0,0.2008
2021,3,South Carolina,All,All,All,All,All,All,519051.0,644172.66667,54901.0,0.1058
2021,3,South Dakota,All,All,All,All,All,All,87200.0,122319.66667,6478.0,0.0743
2021,3,Tennessee,All,All,All,All,All,All,528018.0,670463.33333,48259.0,0.0914
2021,3,Texas,All,All,All,All,All,All,1498179.0,1979541.6667,269523.0,0.1799
2021,3,Utah,All,All,All,All,All,All,151576.0,205177.33333,17567.0,0.1159
2021,3,Vermont,All,All,All,All,All,All,82681.0,111948.0,14105.0,0.1706
2021,3,Virginia,All,All,All,All,All,All,752861.0,961277.0,97413.0,0.1294
2021,3,Washington,All,All,All,All,All,All,518150.0,741040.0,77543.0,0.1497
2021,3,West Virginia,All,All,All,All,All,All,171536.0,224635.66667,23676.0,0.138
2021,3,Wisconsin,All,All,All,All,All,All,390945.0,546908.33333,45531.0,0.1165
2021,3,Wyoming,All,All,All,All,All,All,70538.0,102159.0,6127.0,0.0869
2021,4,Alabama,All,All,All,All,All,All,351201.0,451456.0,35065.0,0.0998
2021,4,Alaska,All,All,All,All,All,All,59936.0,94822.333333,11305.0,0.1886
2021,4,Arizona,All,All,All,All,All,All,502982.0,666054.33333,85835.0,0.1707
2021,4,Arkansas,All,All,All,All,All,All,295881.0,383312.0,31750.0,0.1073
2021,4,California,All,All,All,All,All,All,2090761.0,2897828.0,585595.0,0.2801
2021,4,Colorado,All,All,All,All,All,All,317385.0,444390.33333,49338.0,0.1555
2021,4,Connecticut,All,All,All,All,All,All,238319.0,295872.33333,43355.0,0.1819
2021,4,Delaware,All,All,All,All,All,All,127550.0,155723.33333,23684.0,0.1857
2021,4,District Of Columbia,All,All,All,All,All,All,39964.0,55073.0,9236.0,0.2311
2021,4,Florida,All,All,All,All,All,All,1670025.0,2060120.0,229395.0,0.1374
2021,4,Georgia,All,All,All,All,All,All,636101.0,822735.0,76719.0,0.1206
2021,4,Hawaii,All,All,All,All,All,All,76766.0,109004.0,19095.0,0.2487
2021,4,Idaho,All,All,All,All,All,All,133973.0,191735.33333,14827.0,0.1107
2021,4,Illinois,All,All,All,All,All,All,997808.0,1301240.3333,128090.0,0.1284
2021,4,Indiana,All,All,All,All,All,All,531235.0,685441.33333,58526.0,0.1102
2021,4,Iowa,All,All,All,All,All,All,325914.0,424776.66667,24681.0,0.0757
2021,4,Kansas,All,All,All,All,All,All,287218.0,372497.66667,26315.0,0.0916
2021,4,Kentucky,All,All,All,All,All,All,367200.0,471188.66667,48128.0,0.1311
2021,4,Louisiana,All,All,All,All,All,All,318560.0,409616.33333,29050.0,0.0912
2021,4,Maine,All,All,All,All,All,All,113301.0,159897.0,16832.0,0.1486
2021,4,Maryland,All,All,All,All,All,All,596854.0,760069.33333,114883.0,0.1925
2021,4,Massachusetts,All,All,All,All,All,All,672353.0,841480.33333,173883.0,0.2586
2021,4,Michigan,All,All,All,All,All,All,676548.0,892671.0,126647.0,0.1872
2021,4,Minnesota,All,All,All,All,All,All,310933.0,432737.33333,56371.0,0.1813
2021,4,Mississippi,All,All,All,All,All,All,310166.0,390567.0,26917.0,0.0868
2021,4,Missouri,All,All,All,All,All,All,466906.0,613828.33333,42827.0,0.0917
2021,4,Montana,All,All,All,All,All,All,117772.0,171509.33333,11544.0,0.098
2021,4,Nebraska,All,All,All,All,All,All,182652.0,244303.0,14573.0,0.0798
2021,4,Nevada,All,All,All,All,All,All,186541.0,263751.0,29943.0,0.1605
2021,4,New Hampshire,All,All,All,All,All,All,151863.0,202958.33333,27089.0,0.1784
2021,4,New Jersey,All,All,All,All,All,All,737428.0,908925.0,137016.0,0.1858
2021,4,New Mexico,All,All,All,All,All,All,150512.0,217419.66667,29364.0,0.1951
2021,4,New York,All,All,All,All,All,All,1336265.0,1663551.3333,277439.0,0.2076
2021,4,North Carolina,All,All,All,All,All,All,796702.0,1019566.6667,96345.0,0.1209
2021,4,North Dakota,All,All,All,All,All,All,69685.0,95571.0,4735.0,0.0679
2021,4,Ohio,All,All,All,All,All,All,814327.0,1058121.3333,108186.0,0.1329
2021,4,Oklahoma,All,All,All,All,All,All,356224.0,462044.33333,39785.0,0.1117
2021,4,Oregon,All,All,All,All,All,All,266443.0,391717.33333,51478.0,0.1932
2021,4,Pennsylvania,All,All,All,All,All,All,1002000.0,1274876.3333,148807.0,0.1485
2021,4,Rhode Island,All,All,All,All,All,All,68770.0,88006.666667,14107.0,0.2051
2021,4,South Carolina,All,All,All,All,All,All,514444.0,644306.0,49586.0,0.0964
2021,4,South Dakota,All,All,All,All,All,All,88080.0,122647.33333,6624.0,0.0752
2021,4,Tennessee,All,All,All,All,All,All,524292.0,670241.0,45332.0,0.0865
2021,4,Texas,All,All,All,All,All,All,1489713.0,1979485.6667,244023.0,0.1638
2021,4,Utah,All,All,All,All,All,All,151404.0,205382.66667,18165.0,0.12
2021,4,Vermont,All,All,All,All,All,All,82711.0,112118.33333,14533.0,0.1757
2021,4,Virginia,All,All,All,All,All,All,748392.0,961725.33333,95871.0,0.1281
2021,4,Washington,All,All,All,All,All,All,512139.0,741723.0,80272.0,0.1567
2021,4,West Virginia,All,All,All,All,All,All,169563.0,223805.66667,25126.0,0.1482
2021,4,Wisconsin,All,All,All,All,All,All,390322.0,547868.33333,46504.0,0.1191
2021,4,Wyoming,All,All,All,All,All,All,70460.0,102869.66667,6787.0,0.0963
2022,1,Alabama,All,All,All,All,All,All,335811.0,426726.33333,40545.0,0.1207
2022,1,Alaska,All,All,All,All,All,All,60108.0,94201.333333,12284.0,0.2044
2022,1,Arizona,All,All,All,All,All,All,489804.0,643462.33333,97846.0,0.1998
2022,1,Arkansas,All,All,All,All,All,All,282304.0,368689.66667,41513.0,0.1471
2022,1,California,All,All,All,All,All,All,2078764.0,2826066.3333,679645.0,0.3269
2022,1,Colorado,All,All,All,All,All,All,300535.0,423729.33333,55206.0,0.1837
2022,1,Connecticut,All,All,All,All,All,All,221200.0,278456.66667,51100.0,0.231
2022,1,Delaware,All,All,All,All,All,All,121875.0,150467.33333,27940.0,0.2293
2022,1,District Of Columbia,All,All,All,All,All,All,38705.0,53331.666667,10398.0,0.2686
2022,1,Florida,All,All,All,All,All,All,1639021.0,2014523.3333,253789.0,0.1548
2022,1,Georgia,All,All,All,All,All,All,618580.0,786231.33333,84882.0,0.1372
2022,1,Hawaii,All,All,All,All,All,All,76221.0,105455.33333,22185.0,0.2911
2022,1,Idaho,All,All,All,All,All,All,126711.0,183877.66667,14738.0,0.1163
2022,1,Illinois,All,All,All,All,All,All,927536.0,1239732.3333,152291.0,0.1642
2022,1,Indiana,All,All,All,All,All,All,495838.0,653221.66667,68007.0,0.1372
2022,1,Iowa,All,All,All,All,All,All,300779.0,408382.66667,26576.0,0.0884
2022,1,Kansas,All,All,All,All,All,All,270960.0,358899.33333,33438.0,0.1234
2022,1,Kentucky,All,All,All,All,All,All,340913.0,442595.33333,52620.0,0.1544
2022,1,Louisiana,All,All,All,All,All,All,308120.0,390317.33333,32515.0,0.1055
2022,1,Maine,All,All,All,All,All,All,104846.0,151973.66667,19162.0,0.1828
2022,1,Maryland,All,All,All,All,All,All,571027.0,736437.66667,135712.0,0.2377
2022,1,Massachusetts,All,All,All,All,All,All,640291.0,821871.33333,197851.0,0.309
2022,1,Michigan,All,All,All,All,All,All,617556.0,834695.33333,130662.0,0.2116
2022,1,Minnesota,All,All,All,All,All,All,285285.0,411866.33333,58588.0,0.2054
2022,1,Mississippi,All,All,All,All,All,All,296052.0,369943.0,28575.0,0.0965
2022,1,Missouri,All,All,All,All,All,All,429363.0,582760.0,53166.0,0.1238
2022,1,Montana,All,All,All,All,All,All,111966.0,166558.66667,11867.0,0.106
2022,1,Nebraska,All,All,All,All,All,All,171452.0,233950.0,15216.0,0.0887
2022,1,Nevada,All,All,All,All,All,All,180594.0,250947.66667,33607.0,0.1861
2022,1,New Hampshire,All,All,All,All,All,All,140333.0,195778.0,29715.0,0.2117
2022,1,New Jersey,All,All,All,All,All,All,705214.0,881151.66667,158481.0,0.2247
2022,1,New Mexico,All,All,All,All,All,All,144913.0,206638.0,31752.0,0.2191
2022,1,New York,All,All,All,All,All,All,1261811.0,1610862.6667,301193.0,0.2387
2022,1,North Carolina,All,All,All,All,All,All,761802.0,965831.66667,108893.0,0.1429
2022,1,North Dakota,All,All,All,All,All,All,63372.0,91248.333333,5395.0,0.0851
2022,1,Ohio,All,All,All,All,All,All,758946.0,1003627.0,120906.0,0.1593
2022,1,Oklahoma,All,All,All,All,All,All,338718.0,440161.0,53364.0,0.1575
2022,1,Oregon,All,All,All,All,All,All,255700.0,375836.33333,55039.0,0.2152
2022,1,Pennsylvania,All,All,All,All,All,All,944917.0,1225026.6667,163984.0,0.1735
2022,1,Rhode Island,All,All,All,All,All,All,64544.0,83906.333333,16551.0,0.2564
2022,1,South Carolina,All,All,All,All,All,All,502797.0,621344.33333,56256.0,0.1119
2022,1,South Dakota,All,All,All,All,All,All,81260.0,117578.33333,6878.0,0.0846
2022,1,Tennessee,All,All,All,All,All,All,502064.0,643311.0,53224.0,0.106
2022,1,Texas,All,All,All,All,All,All,1441280.0,1901456.6667,291936.0,0.2026
2022,1,Utah,All,All,All,All,All,All,145018.0,197292.66667,19496.0,0.1344
2022,1,Vermont,All,All,All,All,All,All,72232.0,102431.33333,15686.0,0.2172
2022,1,Virginia,All,All,All,All,All,All,714841.0,919744.66667,112664.0,0.1576
2022,1,Washington,All,All,All,All,All,All,491945.0,713449.0,89778.0,0.1825
2022,1,West Virginia,All,All,All,All,All,All,156880.0,209295.33333,28160.0,0.1795
2022,1,Wisconsin,All,All,All,All,All,All,359864.0,523644.0,48920.0,0.1359
2022,1,Wyoming,All,All,All,All,All,All,67847.0,100262.33333,7319.0,0.1079
2022,2,Alabama,All,All,All,All,All,All,333332.0,422193.0,27424.0,0.0823
2022,2,Alaska,All,All,All,All,All,All,62957.0,95098.333333,10470.0,0.1663
2022,2,Arizona,All,All,All,All,All,All,494139.0,643490.33333,80831.0,0.1636
2022,2,Arkansas,All,All,All,All,All,All,285189.0,366073.33333,29153.0,0.1022
2022,2,California,All,All,All,All,All,All,2094801.0,2832732.0,593786.0,0.2835
2022,2,Colorado,All,All,All,All,All,All,309805.0,424682.0,46454.0,0.1499
2022,2,Connecticut,All,All,All,All,All,All,224098.0,276167.0,42862.0,0.1913
2022,2,Delaware,All,All,All,All,All,All,123884.0,150418.33333,22775.0,0.1838
2022,2,District Of Columbia,All,All,All,All,All,All,39249.0,52954.666667,9176.0,0.2338
2022,2,Florida,All,All,All,All,All,All,1651456.0,2009546.3333,227149.0,0.1375
2022,2,Georgia,All,All,All,All,All,All,612278.0,782779.33333,66744.0,0.109
2022,2,Hawaii,All,All,All,All,All,All,76753.0,105240.66667,19103.0,0.2489
2022,2,Idaho,All,All,All,All,All,All,130802.0,183766.0,10839.0,0.0829
2022,2,Illinois,All,All,All,All,All,All,956786.0,1237993.0,121009.0,0.1265
2022,2,Indiana,All,All,All,All,All,All,507245.0,651758.66667,46978.0,0.0926
2022,2,Iowa,All,All,All,All,All,All,312989.0,407555.33333,20895.0,0.0668
2022,2,Kansas,All,All,All,All,All,All,277331.0,358490.33333,23584.0,0.085
2022,2,Kentucky,All,All,All,All,All,All,343193.0,437509.0,35302.0,0.1029
2022,2,Louisiana,All,All,All,All,All,All,305665.0,386744.66667,23479.0,0.0768
2022,2,Maine,All,All,All,All,All,All,107810.0,150151.0,15577.0,0.1445
2022,2,Maryland,All,All,All,All,All,All,581049.0,736359.0,110333.0,0.1899
2022,2,Massachusetts,All,All,All,All,All,All,661773.0,820820.33333,170859.0,0.2582
2022,2,Michigan,All,All,All,All,All,All,636329.0,828410.0,108503.0,0.1705
2022,2,Minnesota,All,All,All,All,All,All,298763.0,410510.33333,51780.0,0.1733
2022,2,Mississippi,All,All,All,All,All,All,293736.0,366105.0,20827.0,0.0709
2022,2,Missouri,All,All,All,All,All,All,442910.0,579472.0,37860.0,0.0855
2022,2,Montana,All,All,All,All,All,All,117148.0,167115.33333,9851.0,0.0841
2022,2,Nebraska,All,All,All,All,All,All,173972.0,233129.33333,11530.0,0.0663
2022,2,Nevada,All,All,All,All,All,All,181731.0,250777.66667,28335.0,0.1559
2022,2,New Hampshire,All,All,All,All,All,All,147752.0,195801.66667,25078.0,0.1697
2022,2,New Jersey,All,All,All,All,All,All,719045.0,881378.66667,134847.0,0.1875
2022,2,New Mexico,All,All,All,All,All,All,146390.0,205650.66667,25636.0,0.1751
2022,2,New York,All,All,All,All,All,All,1299882.0,1605805.0,270405.0,0.208
2022,2,North Carolina,All,All,All,All,All,All,757034.0,959396.0,86379.0,0.1141
2022,2,North Dakota,All,All,All,All,All,All,66659.0,91272.0,4804.0,0.0721
2022,2,Ohio,All,All,All,All,All,All,778089.0,1000955.3333,85577.0,0.11
2022,2,Oklahoma,All,All,All,All,All,All,340846.0,437538.66667,33316.0,0.0977
2022,2,Oregon,All,All,All,All,All,All,261682.0,374594.66667,47289.0,0.1807
2022,2,Pennsylvania,All,All,All,All,All,All,962316.0,1221504.3333,131400.0,0.1365
2022,2,Rhode Island,All,All,All,All,All,All,66102.0,83162.333333,13965.0,0.2113
2022,2,South Carolina,All,All,All,All,All,All,500894.0,620237.33333,43872.0,0.0876
2022,2,South Dakota,All,All,All,All,All,All,84549.0,117434.33333,5630.0,0.0666
2022,2,Tennessee,All,All,All,All,All,All,504829.0,640047.33333,38724.0,0.0767
2022,2,Texas,All,All,All,All,All,All,1447981.0,1896861.6667,217617.0,0.1503
2022,2,Utah,All,All,All,All,All,All,145801.0,196774.33333,15821.0,0.1085
2022,2,Vermont,All,All,All,All,All,All,76056.0,102539.66667,13251.0,0.1742
2022,2,Virginia,All,All,All,All,All,All,720261.0,916580.66667,87535.0,0.1215
2022,2,Washington,All,All,All,All,All,All,502404.0,712182.66667,77782.0,0.1548
2022,2,West Virginia,All,All,All,All,All,All,158971.0,207480.33333,20112.0,0.1265
2022,2,Wisconsin,All,All,All,All,All,All,373237.0,522721.33333,41409.0,0.1109
2022,2,Wyoming,All,All,All,All,All,All,70093.0,100670.66667,5647.0,0.0806
2022,3,Alabama,All,All,All,All,All,All,333554.0,420466.66667,28029.0,0.084
2022,3,Alaska,All,All,All,All,All,All,62823.0,96496.333333,10462.0,0.1665
2022,3,Arizona,All,All,All,All,All,All,487888.0,647301.66667,79079.0,0.1621
2022,3,Arkansas,All,All,All,All,All,All,287047.0,365833.0,31864.0,0.111
2022,3,California,All,All,All,All,All,All,2106946.0,2860348.6667,592779.0,0.2813
2022,3,Colorado,All,All,All,All,All,All,310201.0,428435.0,45180.0,0.1456
2022,3,Connecticut,All,All,All,All,All,All,222084.0,276383.66667,39360.0,0.1772
2022,3,Delaware,All,All,All,All,All,All,123507.0,151367.66667,21105.0,0.1709
2022,3,District Of Columbia,All,All,All,All,All,All,38908.0,53214.0,8774.0,0.2255
2022,3,Florida,All,All,All,All,All,All,1621260.0,2014449.3333,229277.0,0.1414
2022,3,Georgia,All,All,All,All,All,All,617430.0,785318.0,69581.0,0.1127
2022,3,Hawaii,All,All,All,All,All,All,77070.0,105690.33333,18446.0,0.2393
2022,3,Idaho,All,All,All,All,All,All,130295.0,184619.33333,9971.0,0.0765
2022,3,Illinois,All,All,All,All,All,All,959018.0,1244065.3333,117609.0,0.1226
2022,3,Indiana,All,All,All,All,All,All,509870.0,654160.0,46330.0,0.0909
2022,3,Iowa,All,All,All,All,All,All,313591.0,408786.33333,20577.0,0.0656
2022,3,Kansas,All,All,All,All,All,All,279104.0,360078.33333,24024.0,0.0861
2022,3,Kentucky,All,All,All,All,All,All,343501.0,435484.33333,36263.0,0.1056
2022,3,Louisiana,All,All,All,All,All,All,307334.0,386652.0,24114.0,0.0785
2022,3,Maine,All,All,All,All,All,All,105512.0,149205.33333,14116.0,0.1338
2022,3,Maryland,All,All,All,All,All,All,582119.0,741900.0,107031.0,0.1839
2022,3,Massachusetts,All,All,All,All,All,All,652813.0,823399.33333,155910.0,0.2388
2022,3,Michigan,All,All,All,All,All,All,629114.0,826978.0,104292.0,0.1658
2022,3,Minnesota,All,All,All,All,All,All,296730.0,412472.66667,48783.0,0.1644
2022,3,Mississippi,All,All,All,All,All,All,294835.0,364612.66667,20419.0,0.0693
2022,3,Missouri,All,All,All,All,All,All,443398.0,579985.0,37750.0,0.0851
2022,3,Montana,All,All,All,All,All,All,117147.0,168703.66667,9296.0,0.0794
2022,3,Nebraska,All,All,All,All,All,All,174588.0,233828.0,12098.0,0.0693
2022,3,Nevada,All,All,All,All,All,All,181762.0,252416.66667,26948.0,0.1483
2022,3,New Hampshire,All,All,All,All,All,All,145864.0,196900.66667,23486.0,0.161
2022,3,New Jersey,All,All,All,All,All,All,716410.0,887366.66667,128394.0,0.1792
2022,3,New Mexico,All,All,All,All,All,All,146702.0,206504.0,24456.0,0.1667
2022,3,New York,All,All,All,All,All,All,1287117.0,1614027.0,256076.0,0.199
2022,3,North Carolina,All,All,All,All,All,All,757423.0,959704.33333,87627.0,0.1157
2022,3,North Dakota,All,All,All,All,All,All,67065.0,91898.0,4263.0,0.0636
2022,3,Ohio,All,All,All,All,All,All,778434.0,1004912.3333,87492.0,0.1124
2022,3,Oklahoma,All,All,All,All,All,All,343047.0,439084.33333,34963.0,0.1019
2022,3,Oregon,All,All,All,All,All,All,260387.0,376285.0,43864.0,0.1685
2022,3,Pennsylvania,All,All,All,All,All,All,961221.0,1226283.6667,125617.0,0.1307
2022,3,Rhode Island,All,All,All,All,All,All,65202.0,82859.0,12602.0,0.1933
2022,3,South Carolina,All,All,All,All,All,All,503213.0,622485.66667,47114.0,0.0936
2022,3,South Dakota,All,All,All,All,All,All,84604.0,118211.33333,5769.0,0.0682
2022,3,Tennessee,All,All,All,All,All,All,507565.0,641096.0,39965.0,0.0787
2022,3,Texas,All,All,All,All,All,All,1454689.0,1910826.0,229090.0,0.1575
2022,3,Utah,All,All,All,All,All,All,146582.0,197501.66667,14735.0,0.1005
2022,3,Vermont,All,All,All,All,All,All,75100.0,103061.66667,11702.0,0.1558
2022,3,Virginia,All,All,All,All,All,All,722941.0,919869.33333,88674.0,0.1227
2022,3,Washington,All,All,All,All,All,All,502421.0,714636.33333,75714.0,0.1507
2022,3,West Virginia,All,All,All,All,All,All,158463.0,206967.0,20263.0,0.1279
2022,3,Wisconsin,All,All,All,All,All,All,373786.0,524440.0,40652.0,0.1088
2022,3,Wyoming,All,All,All,All,All,All,69666.0,101603.0,5086.0,0.073
2022,4,Alabama,All,All,All,All,All,All,328505.0,418186.33333,24524.0,0.0747
2022,4,Alaska,All,All,All,All,All,All,62825.0,97387.333333,10024.0,0.1596
2022,4,Arizona,All,All,All,All,All,All,494599.0,649622.0,79786.0,0.1613
2022,4,Arkansas,All,All,All,All,All,All,285420.0,365097.66667,30549.0,0.107
2022,4,California,All,All,All,All,All,All,2098904.0,2871569.3333,579419.0,0.2761
2022,4,Colorado,All,All,All,All,All,All,311766.0,430635.33333,48196.0,0.1546
2022,4,Connecticut,All,All,All,All,All,All,222507.0,275469.0,40036.0,0.1799
2022,4,Delaware,All,All,All,All,All,All,124937.0,151966.0,20905.0,0.1673
2022,4,District Of Columbia,All,All,All,All,All,All,38874.0,53140.0,8464.0,0.2177
2022,4,Florida,All,All,All,All,All,All,1639751.0,2013350.6667,213331.0,0.1301
2022,4,Georgia,All,All,All,All,All,All,610191.0,785516.66667,64952.0,0.1064
2022,4,Hawaii,All,All,All,All,All,All,75920.0,105797.0,16816.0,0.2215
2022,4,Idaho,All,All,All,All,All,All,130680.0,185072.0,10740.0,0.0822
2022,4,Illinois,All,All,All,All,All,All,961502.0,1246440.0,121180.0,0.126
2022,4,Indiana,All,All,All,All,All,All,508554.0,655108.0,45827.0,0.0901
2022,4,Iowa,All,All,All,All,All,All,314183.0,409617.66667,20398.0,0.0649
2022,4,Kansas,All,All,All,All,All,All,278759.0,361027.66667,23500.0,0.0843
2022,4,Kentucky,All,All,All,All,All,All,339325.0,433277.33333,32412.0,0.0955
2022,4,Louisiana,All,All,All,All,All,All,303274.0,385879.33333,21984.0,0.0725
2022,4,Maine,All,All,All,All,All,All,105578.0,147898.66667,13803.0,0.1307
2022,4,Maryland,All,All,All,All,All,All,584895.0,744026.33333,108726.0,0.1859
2022,4,Massachusetts,All,All,All,All,All,All,660283.0,822809.66667,158902.0,0.2407
2022,4,Michigan,All,All,All,All,All,All,627604.0,824032.0,106486.0,0.1697
2022,4,Minnesota,All,All,All,All,All,All,295946.0,412948.66667,51659.0,0.1746
2022,4,Mississippi,All,All,All,All,All,All,291060.0,363159.33333,17579.0,0.0604
2022,4,Missouri,All,All,All,All,All,All,441949.0,579306.0,38098.0,0.0862
2022,4,Montana,All,All,All,All,All,All,116777.0,169722.33333,9998.0,0.0856
2022,4,Nebraska,All,All,All,All,All,All,174368.0,234096.66667,12864.0,0.0738
2022,4,Nevada,All,All,All,All,All,All,181669.0,253094.66667,26571.0,0.1463
2022,4,New Hampshire,All,All,All,All,All,All,148014.0,197318.0,24273.0,0.164
2022,4,New Jersey,All,All,All,All,All,All,723529.0,889488.0,133315.0,0.1843
2022,4,New Mexico,All,All,All,All,All,All,145769.0,207032.66667,24888.0,0.1707
2022,4,New York,All,All,All,All,All,All,1298922.0,1614267.3333,269476.0,0.2075
2022,4,North Carolina,All,All,All,All,All,All,753676.0,958435.66667,83832.0,0.1112
2022,4,North Dakota,All,All,All,All,All,All,66320.0,92184.666667,4544.0,0.0685
2022,4,Ohio,All,All,All,All,All,All,780095.0,1006387.0,89322.0,0.1145
2022,4,Oklahoma,All,All,All,All,All,All,340062.0,439192.66667,33821.0,0.0995
2022,4,Oregon,All,All,All,All,All,All,259611.0,377146.33333,43912.0,0.1691
2022,4,Pennsylvania,All,All,All,All,All,All,969322.0,1228501.3333,133408.0,0.1376
2022,4,Rhode Island,All,All,All,All,All,All,65080.0,81998.333333,12849.0,0.1974
2022,4,South Carolina,All,All,All,All,All,All,502655.0,623263.0,44671.0,0.0889
2022,4,South Dakota,All,All,All,All,All,All,84343.0,118571.33333,6093.0,0.0722
2022,4,Tennessee,All,All,All,All,All,All,505308.0,640799.33333,38027.0,0.0753
2022,4,Texas,All,All,All,All,All,All,1450680.0,1913773.6667,212222.0,0.1463
2022,4,Utah,All,All,All,All,All,All,147404.0,197696.33333,15105.0,0.1025
2022,4,Vermont,All,All,All,All,All,All,76287.0,103352.0,12578.0,0.1649
2022,4,Virginia,All,All,All,All,All,All,722522.0,920006.33333,87392.0,0.121
2022,4,Washington,All,All,All,All,All,All,497811.0,715046.0,76412.0,0.1535
2022,4,West Virginia,All,All,All,All,All,All,158330.0,206878.0,19797.0,0.125
2022,4,Wisconsin,All,All,All,All,All,All,374165.0,524111.33333,41610.0,0.1112
2022,4,Wyoming,All,All,All,All,All,All,69719.0,102212.33333,5333.0,0.0765
2023,1,Alabama,All,All,All,All,All,All,318126.0,399995.33333,22293.0,0.0701
2023,1,Alaska,All,All,All,All,All,All,63151.0,97045.666667,9716.0,0.1539
2023,1,Arizona,All,All,All,All,All,All,486150.0,632745.66667,74188.0,0.1526
2023,1,Arkansas,All,All,All,All,All,All,261628.0,337964.0,25285.0,0.0966
2023,1,California,All,All,All,All,All,All,2071032.0,2815134.3333,518150.0,0.2502
2023,1,Colorado,All,All,All,All,All,All,299398.0,414684.0,44854.0,0.1498
2023,1,Connecticut,All,All,All,All,All,All,213205.0,265720.0,35675.0,0.1673
2023,1,Delaware,All,All,All,All,All,All,122024.0,148507.66667,19805.0,0.1623
2023,1,District Of Columbia,All,All,All,All,All,All,37353.0,50939.666667,7284.0,0.195
2023,1,Florida,All,All,All,All,All,All,1611721.0,1967935.6667,204015.0,0.1266
2023,1,Georgia,All,All,All,All,All,All,599059.0,756629.33333,62109.0,0.1037
2023,1,Hawaii,All,All,All,All,All,All,75481.0,102807.66667,15567.0,0.2062
2023,1,Idaho,All,All,All,All,All,All,124912.0,178558.33333,9628.0,0.0771
2023,1,Illinois,All,All,All,All,All,All,910081.0,1201147.6667,109430.0,0.1202
2023,1,Indiana,All,All,All,All,All,All,480348.0,624236.66667,40834.0,0.085
2023,1,Iowa,All,All,All,All,All,All,292856.0,393621.33333,18924.0,0.0646
2023,1,Kansas,All,All,All,All,All,All,269830.0,350339.33333,20974.0,0.0777
2023,1,Kentucky,All,All,All,All,All,All,322448.0,413061.0,26465.0,0.0821
2023,1,Louisiana,All,All,All,All,All,All,295435.0,369711.0,19491.0,0.066
2023,1,Maine,All,All,All,All,All,All,98552.0,142372.33333,13676.0,0.1388
2023,1,Maryland,All,All,All,All,All,All,569757.0,721797.66667,101878.0,0.1788
2023,1,Massachusetts,All,All,All,All,All,All,635008.0,804962.33333,147957.0,0.233
2023,1,Michigan,All,All,All,All,All,All,579101.0,776177.0,95772.0,0.1654
2023,1,Minnesota,All,All,All,All,All,All,275937.0,393861.33333,50533.0,0.1831
2023,1,Mississippi,All,All,All,All,All,All,280469.0,347052.0,16197.0,0.0577
2023,1,Missouri,All,All,All,All,All,All,410815.0,547735.66667,32823.0,0.0799
2023,1,Montana,All,All,All,All,All,All,113840.0,165534.0,9128.0,0.0802
2023,1,Nebraska,All,All,All,All,All,All,167109.0,225764.0,12127.0,0.0726
2023,1,Nevada,All,All,All,All,All,All,175233.0,243102.66667,25495.0,0.1455
2023,1,New Hampshire,All,All,All,All,All,All,138200.0,189607.33333,23250.0,0.1682
2023,1,New Jersey,All,All,All,All,All,All,706220.0,871166.33333,121804.0,0.1725
2023,1,New Mexico,All,All,All,All,All,All,141733.0,199081.66667,20605.0,0.1454
2023,1,New York,All,All,All,All,All,All,1249093.0,1577537.6667,248520.0,0.199
2023,1,North Carolina,All,All,All,All,All,All,720412.0,902396.33333,75732.0,0.1051
2023,1,North Dakota,All,All,All,All,All,All,61381.0,87921.333333,4314.0,0.0703
2023,1,Ohio,All,All,All,All,All,All,743306.0,968006.66667,80481.0,0.1083
2023,1,Oklahoma,All,All,All,All,All,All,329314.0,422440.66667,33052.0,0.1004
2023,1,Oregon,All,All,All,All,All,All,249665.0,363828.66667,39339.0,0.1576
2023,1,Pennsylvania,All,All,All,All,All,All,933075.0,1188175.6667,119839.0,0.1284
2023,1,Rhode Island,All,All,All,All,All,All,61849.0,78777.666667,11330.0,0.1832
2023,1,South Carolina,All,All,All,All,All,All,496269.0,605936.0,41903.0,0.0844
2023,1,South Dakota,All,All,All,All,All,All,78664.0,113705.0,5772.0,0.0734
2023,1,Tennessee,All,All,All,All,All,All,486298.0,615971.66667,36710.0,0.0755
2023,1,Texas,All,All,All,All,All,All,1394999.0,1828502.3333,206530.0,0.1481
2023,1,Utah,All,All,All,All,All,All,139941.0,189088.66667,14290.0,0.1021
2023,1,Vermont,All,All,All,All,All,All,71290.0,99178.333333,10994.0,0.1542
2023,1,Virginia,All,All,All,All,All,All,705804.0,891196.66667,80212.0,0.1136
2023,1,Washington,All,All,All,All,All,All,480074.0,685196.0,66269.0,0.138
2023,1,West Virginia,All,All,All,All,All,All,146165.0,192640.0,15419.0,0.1055
2023,1,Wisconsin,All,All,All,All,All,All,349798.0,502239.66667,39178.0,0.112
2023,1,Wyoming,All,All,All,All,All,All,65527.0,97465.0,5170.0,0.0789
2023,2,Alabama,All,All,All,All,All,All,314815.0,396284.33333,18643.0,0.0592
2023,2,Alaska,All,All,All,All,All,All,65741.0,98164.333333,8990.0,0.1367
2023,2,Arizona,All,All,All,All,All,All,491203.0,634660.33333,66954.0,0.1363
2023,2,Arkansas,All,All,All,All,All,All,262882.0,335594.33333,20129.0,0.0766
2023,2,California,All,All,All,All,All,All,2093572.0,2821965.0,476839.0,0.2278
2023,2,Colorado,All,All,All,All,All,All,306709.0,415904.66667,37488.0,0.1222
2023,2,Connecticut,All,All,All,All,All,All,214998.0,264411.66667,29839.0,0.1388
2023,2,Delaware,All,All,All,All,All,All,122825.0,148801.0,17420.0,0.1418
2023,2,District Of Columbia,All,All,All,All,All,All,37608.0,50760.0,6964.0,0.1852
2023,2,Florida,All,All,All,All,All,All,1617507.0,1964105.3333,189077.0,0.1169
2023,2,Georgia,All,All,All,All,All,All,593698.0,754776.66667,55376.0,0.0933
2023,2,Hawaii,All,All,All,All,All,All,75867.0,102738.33333,14847.0,0.1957
2023,2,Idaho,All,All,All,All,All,All,129189.0,178534.33333,8201.0,0.0635
2023,2,Illinois,All,All,All,All,All,All,930191.0,1199587.3333,96835.0,0.1041
2023,2,Indiana,All,All,All,All,All,All,487761.0,622503.66667,34131.0,0.07
2023,2,Iowa,All,All,All,All,All,All,304476.0,392042.0,16108.0,0.0529
2023,2,Kansas,All,All,All,All,All,All,272702.0,350113.0,17733.0,0.065
2023,2,Kentucky,All,All,All,All,All,All,322316.0,409811.33333,22736.0,0.0705
2023,2,Louisiana,All,All,All,All,All,All,290617.0,365306.66667,18032.0,0.062
2023,2,Maine,All,All,All,All,All,All,102011.0,140971.33333,11115.0,0.109
2023,2,Maryland,All,All,All,All,All,All,572346.0,723189.0,89552.0,0.1565
2023,2,Massachusetts,All,All,All,All,All,All,652099.0,805429.33333,129986.0,0.1993
2023,2,Michigan,All,All,All,All,All,All,596039.0,771575.0,83307.0,0.1398
2023,2,Minnesota,All,All,All,All,All,All,288894.0,393227.0,43448.0,0.1504
2023,2,Mississippi,All,All,All,All,All,All,276503.0,343093.33333,15321.0,0.0554
2023,2,Missouri,All,All,All,All,All,All,419611.0,545681.33333,27817.0,0.0663
2023,2,Montana,All,All,All,All,All,All,118234.0,166312.0,7709.0,0.0652
2023,2,Nebraska,All,All,All,All,All,All,169762.0,225199.66667,10709.0,0.0631
2023,2,Nevada,All,All,All,All,All,All,178082.0,243412.66667,23108.0,0.1298
2023,2,New Hampshire,All,All,All,All,All,All,144196.0,189570.33333,19194.0,0.1331
2023,2,New Jersey,All,All,All,All,All,All,713230.0,872204.33333,105273.0,0.1476
2023,2,New Mexico,All,All,All,All,All,All,142648.0,199060.66667,18547.0,0.13
2023,2,New York,All,All,All,All,All,All,1271637.0,1572207.6667,226130.0,0.1778
2023,2,North Carolina,All,All,All,All,All,All,710570.0,898316.33333,64257.0,0.0904
2023,2,North Dakota,All,All,All,All,All,All,65036.0,87931.333333,3789.0,0.0583
2023,2,Ohio,All,All,All,All,All,All,755961.0,967046.33333,67139.0,0.0888
2023,2,Oklahoma,All,All,All,All,All,All,330182.0,421123.0,26551.0,0.0804
2023,2,Oregon,All,All,All,All,All,All,257162.0,364202.66667,35212.0,0.1369
2023,2,Pennsylvania,All,All,All,All,All,All,941920.0,1185576.3333,101226.0,0.1075
2023,2,Rhode Island,All,All,All,All,All,All,62578.0,77923.666667,9454.0,0.1511
2023,2,South Carolina,All,All,All,All,All,All,492413.0,605554.33333,36509.0,0.0741
2023,2,South Dakota,All,All,All,All,All,All,83081.0,113521.66667,4928.0,0.0593
2023,2,Tennessee,All,All,All,All,All,All,486716.0,614664.33333,31700.0,0.0651
2023,2,Texas,All,All,All,All,All,All,1396870.0,1827144.6667,175516.0,0.1256
2023,2,Utah,All,All,All,All,All,All,141381.0,189015.0,12326.0,0.0872
2023,2,Vermont,All,All,All,All,All,All,74498.0,99311.0,9508.0,0.1276
2023,2,Virginia,All,All,All,All,All,All,703776.0,891079.0,69181.0,0.0983
2023,2,Washington,All,All,All,All,All,All,485895.0,683905.66667,61199.0,0.126
2023,2,West Virginia,All,All,All,All,All,All,146876.0,191050.33333,13441.0,0.0915
2023,2,Wisconsin,All,All,All,All,All,All,362002.0,500988.0,34066.0,0.0941
2023,2,Wyoming,All,All,All,All,All,All,68644.0,97669.666667,4441.0,0.0647
2023,3,Alabama,All,All,All,All,All,All,312963.0,393153.66667,17734.0,0.0567
2023,3,Alaska,All,All,All,All,All,All,65327.0,99147.333333,8636.0,0.1322
2023,3,Arizona,All,All,All,All,All,All,483056.0,636297.33333,63534.0,0.1315
2023,3,Arkansas,All,All,All,All,All,All,261397.0,334142.66667,19545.0,0.0748
2023,3,California,All,All,All,All,All,All,2081796.0,2821266.3333,466754.0,0.2242
2023,3,Colorado,All,All,All,All,All,All,304421.0,417114.33333,35781.0,0.1175
2023,3,Connecticut,All,All,All,All,All,All,211846.0,263538.33333,29096.0,0.1373
2023,3,Delaware,All,All,All,All,All,All,121997.0,149304.66667,16758.0,0.1374
2023,3,District Of Columbia,All,All,All,All,All,All,36809.0,50469.666667,7073.0,0.1922
2023,3,Florida,All,All,All,All,All,All,1591009.0,1960183.6667,190471.0,0.1197
2023,3,Georgia,All,All,All,All,All,All,594057.0,752957.33333,54803.0,0.0923
2023,3,Hawaii,All,All,All,All,All,All,75006.0,102566.0,14813.0,0.1975
2023,3,Idaho,All,All,All,All,All,All,127111.0,178492.0,7378.0,0.058
2023,3,Illinois,All,All,All,All,All,All,921716.0,1195685.0,94199.0,0.1022
2023,3,Indiana,All,All,All,All,All,All,485275.0,621866.66667,33276.0,0.0686
2023,3,Iowa,All,All,All,All,All,All,300008.0,391906.0,15084.0,0.0503
2023,3,Kansas,All,All,All,All,All,All,271866.0,350656.66667,17303.0,0.0636
2023,3,Kentucky,All,All,All,All,All,All,321613.0,407244.66667,21144.0,0.0657
2023,3,Louisiana,All,All,All,All,All,All,289429.0,361998.0,17193.0,0.0594
2023,3,Maine,All,All,All,All,All,All,99489.0,139928.66667,10135.0,0.1019
2023,3,Maryland,All,All,All,All,All,All,569939.0,724500.33333,89880.0,0.1577
2023,3,Massachusetts,All,All,All,All,All,All,637894.0,803405.66667,123232.0,0.1932
2023,3,Michigan,All,All,All,All,All,All,585207.0,769544.0,78596.0,0.1343
2023,3,Minnesota,All,All,All,All,All,All,283586.0,392810.0,40915.0,0.1443
2023,3,Mississippi,All,All,All,All,All,All,276187.0,340234.0,13798.0,0.05
2023,3,Missouri,All,All,All,All,All,All,417321.0,544509.0,26824.0,0.0643
2023,3,Montana,All,All,All,All,All,All,116995.0,167098.66667,7511.0,0.0642
2023,3,Nebraska,All,All,All,All,All,All,168628.0,225407.33333,10274.0,0.0609
2023,3,Nevada,All,All,All,All,All,All,176401.0,243340.33333,21713.0,0.1231
2023,3,New Hampshire,All,All,All,All,All,All,141071.0,189878.0,17833.0,0.1264
2023,3,New Jersey,All,All,All,All,All,All,707172.0,873631.0,102468.0,0.1449
2023,3,New Mexico,All,All,All,All,All,All,141439.0,198720.33333,17439.0,0.1233
2023,3,New York,All,All,All,All,All,All,1251321.0,1569871.3333,221353.0,0.1769
2023,3,North Carolina,All,All,All,All,All,All,707033.0,895052.0,63894.0,0.0904
2023,3,North Dakota,All,All,All,All,All,All,64081.0,87683.333333,3392.0,0.0529
2023,3,Ohio,All,All,All,All,All,All,750105.0,967696.0,64024.0,0.0854
2023,3,Oklahoma,All,All,All,All,All,All,328399.0,419531.33333,25327.0,0.0771
2023,3,Oregon,All,All,All,All,All,All,253686.0,364309.33333,33496.0,0.132
2023,3,Pennsylvania,All,All,All,All,All,All,930846.0,1183617.6667,96426.0,0.1036
2023,3,Rhode Island,All,All,All,All,All,All,60926.0,77278.0,9039.0,0.1484
2023,3,South Carolina,All,All,All,All,All,All,492591.0,605898.66667,37334.0,0.0758
2023,3,South Dakota,All,All,All,All,All,All,81591.0,113613.33333,4428.0,0.0543
2023,3,Tennessee,All,All,All,All,All,All,486021.0,613212.33333,31100.0,0.064
2023,3,Texas,All,All,All,All,All,All,1390206.0,1824565.6667,171981.0,0.1237
2023,3,Utah,All,All,All,All,All,All,140792.0,188772.66667,11873.0,0.0843
2023,3,Vermont,All,All,All,All,All,All,73097.0,99580.0,8960.0,0.1226
2023,3,Virginia,All,All,All,All,All,All,701890.0,891228.66667,68265.0,0.0973
2023,3,Washington,All,All,All,All,All,All,480313.0,682389.66667,61464.0,0.128
2023,3,West Virginia,All,All,All,All,All,All,144770.0,189875.66667,12378.0,0.0855
2023,3,Wisconsin,All,All,All,All,All,All,357281.0,500439.33333,31975.0,0.0895
2023,3,Wyoming,All,All,All,All,All,All,67740.0,98010.0,4021.0,0.0594
2023,4,Alabama,All,All,All,All,All,All,310272.0,390945.0,17279.0,0.0557
2023,4,Alaska,All,All,All,All,All,All,65472.0,99956.666667,9092.0,0.1389
2023,4,Arizona,All,All,All,All,All,All,491651.0,639504.66667,65103.0,0.1324
2023,4,Arkansas,All,All,All,All,All,All,261346.0,333688.66667,20629.0,0.0789
2023,4,California,All,All,All,All,All,All,2080959.0,2833587.6667,473658.0,0.2276
2023,4,Colorado,All,All,All,All,All,All,307135.0,419129.66667,39258.0,0.1278
2023,4,Connecticut,All,All,All,All,All,All,214197.0,263843.0,31134.0,0.1454
2023,4,Delaware,All,All,All,All,All,All,124571.0,149821.66667,17627.0,0.1415
2023,4,District Of Columbia,All,All,All,All,All,All,36906.0,50443.0,7107.0,0.1926
2023,4,Florida,All,All,All,All,All,All,1611710.0,1961189.6667,191325.0,0.1187
2023,4,Georgia,All,All,All,All,All,All,594274.0,753981.33333,56690.0,0.0954
2023,4,Hawaii,All,All,All,All,All,All,74785.0,102792.0,14496.0,0.1938
2023,4,Idaho,All,All,All,All,All,All,128544.0,178970.0,7779.0,0.0605
2023,4,Illinois,All,All,All,All,All,All,935889.0,1198742.0,100839.0,0.1077
2023,4,Indiana,All,All,All,All,All,All,488493.0,622398.66667,35746.0,0.0732
2023,4,Iowa,All,All,All,All,All,All,306639.0,392891.33333,16537.0,0.0539
2023,4,Kansas,All,All,All,All,All,All,274187.0,351794.33333,18252.0,0.0666
2023,4,Kentucky,All,All,All,All,All,All,322624.0,407164.0,22213.0,0.0689
2023,4,Louisiana,All,All,All,All,All,All,287530.0,361071.66667,17411.0,0.0606
2023,4,Maine,All,All,All,All,All,All,100022.0,139212.66667,10619.0,0.1062
2023,4,Maryland,All,All,All,All,All,All,576779.0,726515.0,95842.0,0.1662
2023,4,Massachusetts,All,All,All,All,All,All,649399.0,803487.0,130160.0,0.2004
2023,4,Michigan,All,All,All,All,All,All,592536.0,770399.0,84814.0,0.1431
2023,4,Minnesota,All,All,All,All,All,All,288206.0,393753.33333,44631.0,0.1549
2023,4,Mississippi,All,All,All,All,All,All,275061.0,339306.33333,13851.0,0.0504
2023,4,Missouri,All,All,All,All,All,All,420784.0,545085.0,27914.0,0.0663
2023,4,Montana,All,All,All,All,All,All,118326.0,167850.33333,8356.0,0.0706
2023,4,Nebraska,All,All,All,All,All,All,171226.0,225795.33333,11027.0,0.0644
2023,4,Nevada,All,All,All,All,All,All,176889.0,244055.0,21928.0,0.124
2023,4,New Hampshire,All,All,All,All,All,All,144485.0,190538.66667,19223.0,0.133
2023,4,New Jersey,All,All,All,All,All,All,718774.0,876124.0,112592.0,0.1566
2023,4,New Mexico,All,All,All,All,All,All,140769.0,199057.66667,18319.0,0.1301
2023,4,New York,All,All,All,All,All,All,1272099.0,1571541.6667,232617.0,0.1829
2023,4,North Carolina,All,All,All,All,All,All,708130.0,894224.33333,66160.0,0.0934
2023,4,North Dakota,All,All,All,All,All,All,64885.0,87762.0,3595.0,0.0554
2023,4,Ohio,All,All,All,All,All,All,758395.0,970366.66667,69664.0,0.0919
2023,4,Oklahoma,All,All,All,All,All,All,329073.0,419749.66667,24432.0,0.0742
2023,4,Oregon,All,All,All,All,All,All,255328.0,365198.66667,34648.0,0.1357
2023,4,Pennsylvania,All,All,All,All,All,All,946348.0,1184665.0,106701.0,0.1128
2023,4,Rhode Island,All,All,All,All,All,All,61605.0,76733.0,10133.0,0.1645
2023,4,South Carolina,All,All,All,All,All,All,495036.0,606659.33333,39761.0,0.0803
2023,4,South Dakota,All,All,All,All,All,All,83397.0,113773.0,4874.0,0.0584
2023,4,Tennessee,All,All,All,All,All,All,487440.0,613332.0,33138.0,0.068
2023,4,Texas,All,All,All,All,All,All,1397696.0,1830951.3333,177358.0,0.1269
2023,4,Utah,All,All,All,All,All,All,142437.0,188476.33333,12201.0,0.0857
2023,4,Vermont,All,All,All,All,All,All,74173.0,99740.666667,9353.0,0.1261
2023,4,Virginia,All,All,All,All,All,All,709544.0,894102.66667,73929.0,0.1042
2023,4,Washington,All,All,All,All,All,All,483457.0,682140.66667,63062.0,0.1304
2023,4,West Virginia,All,All,All,All,All,All,145095.0,189470.66667,13676.0,0.0943
2023,4,Wisconsin,All,All,All,All,All,All,365045.0,501193.33333,34198.0,0.0937
2023,4,Wyoming,All,All,All,All,All,All,68150.0,98200.333333,4693.0,0.0689
